case_id,country,ingredient_keyword,ingredient_type
CASE-00001,중국,김,PROCESSED_INGREDIENT
CASE-00002,일본,채소 식초 절임,FINISHED_PRODUCT
CASE-00003,일본,떡볶이소스 소스,PROCESSED_INGREDIENT
CASE-00004,미국,밀가루 밀,PROCESSED_INGREDIENT
CASE-00005,미국,밀가루 밀,PROCESSED_INGREDIENT
CASE-00006,미국,음료,FINISHED_PRODUCT
CASE-00007,미국,음료,FINISHED_PRODUCT
CASE-00008,미국,쥐치 생선 물고기,RAW_MATERIAL
CASE-00009,미국,쥐치 생선 물고기,RAW_MATERIAL
CASE-00010,미국,곶감 감,PROCESSED_INGREDIENT
CASE-00011,미국,장어 생선 물고기,RAW_MATERIAL
CASE-00012,미국,젤리 사탕 견과류 젤리빈,FINISHED_PRODUCT
CASE-00013,미국,초콜릿 쿠키 비스킷 웨이퍼,FINISHED_PRODUCT
CASE-00014,미국,가자미 첨치 참 광어 생선 물고기,RAW_MATERIAL
CASE-00015,미국,가자미 첨치 참 광어 생선 물고기,RAW_MATERIAL
CASE-00016,미국,캔디 사탕,FINISHED_PRODUCT
CASE-00017,미국,캔디 사탕,FINISHED_PRODUCT
CASE-00018,미국,가자미 첨치 참 광어 생선 물고기,RAW_MATERIAL
CASE-00019,EU,굴 조개 생굴,RAW_MATERIAL
CASE-00020,중국,김가루,FINISHED_PRODUCT
CASE-00021,중국,김가루,FINISHED_PRODUCT
CASE-00022,중국,김,FINISHED_PRODUCT
CASE-00023,중국,김,PROCESSED_INGREDIENT
CASE-00024,중국,김,PROCESSED_INGREDIENT
CASE-00025,중국,김,FINISHED_PRODUCT
CASE-00026,중국,김가루,FINISHED_PRODUCT
CASE-00027,중국,김,PROCESSED_INGREDIENT
CASE-00028,대만,멸치액젓 액젓,PROCESSED_INGREDIENT
CASE-00029,대만,배추 채소,RAW_MATERIAL
CASE-00030,대만,딸기,RAW_MATERIAL
CASE-00031,미국,수프,FINISHED_PRODUCT
CASE-00032,미국,수프,FINISHED_PRODUCT
CASE-00033,미국,초콜릿 쿠키 비스킷 웨이퍼 과자,FINISHED_PRODUCT
CASE-00034,미국,초콜릿 쿠키 비스킷 웨이퍼 과자,FINISHED_PRODUCT
CASE-00035,미국,채소 크림 수프,FINISHED_PRODUCT
CASE-00036,미국,곡물 플레이크 시리얼,FINISHED_PRODUCT
CASE-00037,미국,생선 물고기,RAW_MATERIAL
CASE-00038,미국,음료,FINISHED_PRODUCT
CASE-00039,미국,오징어 해산물 수산물,RAW_MATERIAL
CASE-00040,미국,초콜릿 아이스 쿠키 과자,FINISHED_PRODUCT
CASE-00041,미국,비스킷 웨이퍼 과자,FINISHED_PRODUCT
CASE-00042,미국,미역,RAW_MATERIAL
CASE-00043,미국,초콜릿 쿠키 비스킷 웨이퍼 과자,FINISHED_PRODUCT
CASE-00044,미국,초콜릿 쿠키 비스킷 웨이퍼 과자,FINISHED_PRODUCT
CASE-00045,미국,초콜릿 쿠키 비스킷 웨이퍼 과자,FINISHED_PRODUCT
CASE-00046,미국,초콜릿 쿠키 비스킷 웨이퍼 과자,FINISHED_PRODUCT
CASE-00047,미국,떡,FINISHED_PRODUCT
CASE-00048,미국,장어 생선 물고기,RAW_MATERIAL
CASE-00049,미국,음료,FINISHED_PRODUCT
CASE-00050,미국,쌀,RAW_MATERIAL
CASE-00051,EU,튀김가루,PROCESSED_INGREDIENT
CASE-00052,중국,파우더,PROCESSED_INGREDIENT
CASE-00053,대만,깻잎,RAW_MATERIAL
CASE-00054,대만,딸기 과일,RAW_MATERIAL
CASE-00055,미국,인삼,RAW_MATERIAL
CASE-00056,미국,초콜릿 아이스 쿠키 비스킷 웨이퍼 과자,FINISHED_PRODUCT
CASE-00057,미국,인삼,PROCESSED_INGREDIENT
CASE-00058,미국,민어 생선 물고기,RAW_MATERIAL
CASE-00059,미국,수산물 생선 물고기 해조류 조개 ,RAW_MATERIAL
CASE-00060,미국,음료,FINISHED_PRODUCT
CASE-00061,미국,채소 수프 크림,FINISHED_PRODUCT
CASE-00062,중국,쌀밥 밥,FINISHED_PRODUCT
CASE-00063,중국,국거리 국재료 재료,PROCESSED_INGREDIENT
CASE-00064,중국,음료,FINISHED_PRODUCT
CASE-00065,중국,요거트,FINISHED_PRODUCT
CASE-00066,중국,요거트,FINISHED_PRODUCT
CASE-00067,중국,요거트,FINISHED_PRODUCT
CASE-00068,미국,농축액,RAW_MATERIAL
CASE-00069,미국,채소 야채 샐러드,RAW_MATERIAL
CASE-00070,미국,곶감 감,PROCESSED_INGREDIENT
CASE-00071,미국,어묵 오뎅,FINISHED_PRODUCT
CASE-00072,EU,탄산음료 음료 탄산,FINISHED_PRODUCT
CASE-00073,일본,스낵 과자,FINISHED_PRODUCT
CASE-00074,일본,깻잎 김치,FINISHED_PRODUCT
CASE-00075,일본,말린무 무 무침,FINISHED_PRODUCT
CASE-00076,미국,어류 생선 물고기,RAW_MATERIAL
CASE-00077,미국,조미료,PROCESSED_INGREDIENT
CASE-00078,미국,곶감 감,PROCESSED_INGREDIENT
CASE-00079,미국,수산물 생선 물고기,RAW_MATERIAL
CASE-00080,미국,멸치,RAW_MATERIAL
CASE-00081,미국,대구 명태 동태 황태 북어 먹태 생선 물고기,RAW_MATERIAL
CASE-00082,미국,무 채소,RAW_MATERIAL
CASE-00083,미국,팽이버섯 버섯,RAW_MATERIAL
CASE-00084,미국,플레인 쿠키 비스킷 웨이퍼 과자,FINISHED_PRODUCT
CASE-00085,미국,수산물 생선 물고기,RAW_MATERIAL
CASE-00086,미국,어류 생선 물고기,RAW_MATERIAL
CASE-00087,미국,사탕 캔디,FINISHED_PRODUCT
CASE-00088,미국,두부,PROCESSED_INGREDIENT
CASE-00089,미국,잎 줄기 채소,RAW_MATERIAL
CASE-00090,EU,다시마,RAW_MATERIAL
CASE-00091,중국,김치라면 라면,FINISHED_PRODUCT
CASE-00092,중국,음료,FINISHED_PRODUCT
CASE-00093,중국,김,FINISHED_PRODUCT
CASE-00094,중국,음료,FINISHED_PRODUCT
CASE-00095,중국,소금,PROCESSED_INGREDIENT
CASE-00096,대만,배추 채소,RAW_MATERIAL
CASE-00097,일본,피조개 조개,RAW_MATERIAL
CASE-00098,일본,레토르트,FINISHED_PRODUCT
CASE-00099,일본,들깻잎 깻잎,RAW_MATERIAL
CASE-00100,미국,팽이버섯 버섯,RAW_MATERIAL
CASE-00101,미국,곶감 감,PROCESSED_INGREDIENT
CASE-00102,미국,장어 생선 물고기,RAW_MATERIAL
CASE-00103,미국,안젤리카 향신료,RAW_MATERIAL
CASE-00104,미국,팽이버섯 버섯,RAW_MATERIAL
CASE-00105,미국,팽이버섯 버섯,RAW_MATERIAL
CASE-00106,미국,자두 주스,FINISHED_PRODUCT
CASE-00107,미국,초콜릿 아이스 쿠키 비스킷 웨이퍼 과자,FINISHED_PRODUCT
CASE-00108,미국,인삼 삼,RAW_MATERIAL
CASE-00109,미국,허브 향신료,RAW_MATERIAL
CASE-00110,중국,김,FINISHED_PRODUCT
CASE-00111,대만,배추 채소,RAW_MATERIAL
CASE-00112,일본,들깻잎 깻잎,RAW_MATERIAL
CASE-00113,일본,들깻잎 깻잎,RAW_MATERIAL
CASE-00114,미국,청어,RAW_MATERIAL
CASE-00115,미국,곶감 감,PROCESSED_INGREDIENT
CASE-00116,미국,팽이버섯 버섯,RAW_MATERIAL
CASE-00117,중국,소금,PROCESSED_INGREDIENT
CASE-00118,중국,소금,PROCESSED_INGREDIENT
CASE-00119,중국,머스타드,PROCESSED_INGREDIENT
CASE-00120,대만,배추 채소,RAW_MATERIAL
CASE-00121,일본,피조개 조개,RAW_MATERIAL
CASE-00122,일본,피조개 조개,RAW_MATERIAL
CASE-00123,일본,바지락 조개,RAW_MATERIAL
CASE-00124,일본,바지락 조개,RAW_MATERIAL
CASE-00125,일본,바지락 조개,RAW_MATERIAL
CASE-00126,일본,바지락 조개,RAW_MATERIAL
CASE-00127,일본,문어,FINISHED_PRODUCT
CASE-00128,일본,들깻잎 깻잎,RAW_MATERIAL
CASE-00129,미국,플레인 쿠키 비스킷 웨이퍼 과자,FINISHED_PRODUCT
CASE-00130,중국,소금,PROCESSED_INGREDIENT
CASE-00131,일본,붕장어 생선 물고기,FINISHED_PRODUCT
CASE-00132,미국,팽이버섯 버섯,RAW_MATERIAL
CASE-00133,미국,팽이버섯 버섯,RAW_MATERIAL
CASE-00134,미국,면,PROCESSED_INGREDIENT
CASE-00135,미국,면,PROCESSED_INGREDIENT
CASE-00136,미국,두부,PROCESSED_INGREDIENT
CASE-00137,미국,넙치 생선 물고기,RAW_MATERIAL
CASE-00138,중국,프로바이오틱스 음료,FINISHED_PRODUCT
CASE-00139,중국,음료,FINISHED_PRODUCT
CASE-00140,대만,멜론 과일,RAW_MATERIAL
CASE-00141,일본,어육 어묵 오뎅,PROCESSED_INGREDIENT
CASE-00142,일본,게 꽃게,RAW_MATERIAL
CASE-00143,일본,음료,FINISHED_PRODUCT
CASE-00144,일본,허니머스터드 머스터드소스 머스터드 소스,PROCESSED_INGREDIENT
CASE-00145,일본,조미료,PROCESSED_INGREDIENT
CASE-00146,일본,부추 채소,RAW_MATERIAL
CASE-00147,미국,면,PROCESSED_INGREDIENT
CASE-00148,미국,면,PROCESSED_INGREDIENT
CASE-00149,미국,면,PROCESSED_INGREDIENT
CASE-00150,미국,면,PROCESSED_INGREDIENT
CASE-00151,미국,쥐치 생선 물고기,RAW_MATERIAL
CASE-00152,중국,시리얼,FINISHED_PRODUCT
CASE-00153,중국,시리얼,FINISHED_PRODUCT
CASE-00154,중국,음료,FINISHED_PRODUCT
CASE-00155,EU (독일),해조,RAW_MATERIAL
CASE-00156,미국,면,PROCESSED_INGREDIENT
CASE-00157,미국,팽이버섯 버섯,RAW_MATERIAL
CASE-00158,미국,면,PROCESSED_INGREDIENT
CASE-00159,미국,면,PROCESSED_INGREDIENT
CASE-00160,미국,면,PROCESSED_INGREDIENT
CASE-00161,미국,어란 명란,FINISHED_PRODUCT
CASE-00162,미국,음료,FINISHED_PRODUCT
CASE-00163,중국,떡볶이소스 소스,PROCESSED_INGREDIENT
CASE-00164,중국,김가루,PROCESSED_INGREDIENT
CASE-00165,중국,웨하스 과자,FINISHED_PRODUCT
CASE-00166,중국,음료,FINISHED_PRODUCT
CASE-00167,대만,음료,FINISHED_PRODUCT
CASE-00168,대만,키위 과일,RAW_MATERIAL
CASE-00169,대만,키위 과일,RAW_MATERIAL
CASE-00170,대만,배추 채소,RAW_MATERIAL
CASE-00171,일본,굴 조개 생굴,RAW_MATERIAL
CASE-00172,일본,굴 조개 생굴,RAW_MATERIAL
CASE-00173,일본,게 꽃게,RAW_MATERIAL
CASE-00174,일본,청고추 고추,RAW_MATERIAL
CASE-00175,미국,오징어 해산물 수산물,RAW_MATERIAL
CASE-00176,미국,면,PROCESSED_INGREDIENT
CASE-00177,미국,면,PROCESSED_INGREDIENT
CASE-00178,미국,멸치,RAW_MATERIAL
CASE-00179,미국,면,PROCESSED_INGREDIENT
CASE-00180,미국,면,PROCESSED_INGREDIENT
CASE-00181,미국,면,PROCESSED_INGREDIENT
CASE-00182,미국,면,PROCESSED_INGREDIENT
CASE-00183,미국,캔디 사탕,FINISHED_PRODUCT
CASE-00184,미국,면,PROCESSED_INGREDIENT
CASE-00185,미국,팽이버섯 버섯,RAW_MATERIAL
CASE-00186,미국,음료,FINISHED_PRODUCT
CASE-00187,미국,두부,PROCESSED_INGREDIENT
CASE-00188,미국,면,PROCESSED_INGREDIENT
CASE-00189,미국,면,PROCESSED_INGREDIENT
CASE-00190,미국,면,PROCESSED_INGREDIENT
CASE-00191,EU,다랑어 참치 물고기 생선 회,RAW_MATERIAL
CASE-00192,중국,번데기 통조림,FINISHED_PRODUCT
CASE-00193,대만,배추 채소,RAW_MATERIAL
CASE-00194,일본,청고추 고추,RAW_MATERIAL
CASE-00195,일본,청고추 고추,RAW_MATERIAL
CASE-00196,일본,들깨 깨,RAW_MATERIAL
CASE-00197,일본,갈치젓 젓,FINISHED_PRODUCT
CASE-00198,일본,굴젓 젓 굴 조개 생굴,FINISHED_PRODUCT
CASE-00199,미국,면,PROCESSED_INGREDIENT
CASE-00200,미국,음료 인삼,FINISHED_PRODUCT
CASE-00201,미국,어란 명란,FINISHED_PRODUCT
CASE-00202,미국,면,PROCESSED_INGREDIENT
CASE-00203,미국,면,PROCESSED_INGREDIENT
CASE-00204,미국,허브 향신료,RAW_MATERIAL
CASE-00205,EU,황새치 참치 물고기 생선 회,RAW_MATERIAL
CASE-00206,중국,곡물차 차,FINISHED_PRODUCT
CASE-00207,미국,면,PROCESSED_INGREDIENT
CASE-00208,미국,면,PROCESSED_INGREDIENT
CASE-00209,미국,면,PROCESSED_INGREDIENT
CASE-00210,미국,팽이버섯 버섯,RAW_MATERIAL
CASE-00211,미국,훈제 쥐치 생선 물고기,FINISHED_PRODUCT
CASE-00212,미국,면,PROCESSED_INGREDIENT
CASE-00213,미국,음료,FINISHED_PRODUCT
CASE-00214,미국,음료,FINISHED_PRODUCT
CASE-00215,미국,크림수프 수프,FINISHED_PRODUCT
CASE-00216,미국,면,PROCESSED_INGREDIENT
CASE-00217,미국,면,PROCESSED_INGREDIENT
CASE-00218,미국,면,PROCESSED_INGREDIENT
CASE-00219,미국,면,PROCESSED_INGREDIENT
CASE-00220,미국,오징어 해산물 수산물,RAW_MATERIAL
CASE-00221,미국,면,PROCESSED_INGREDIENT
CASE-00222,미국,면,PROCESSED_INGREDIENT
CASE-00223,미국,비타민,FINISHED_PRODUCT
CASE-00224,미국,면,PROCESSED_INGREDIENT
CASE-00225,EU,김,FINISHED_PRODUCT
CASE-00226,중국,삼치 생선 물고기,RAW_MATERIAL
CASE-00227,중국,마늘빵 빵,FINISHED_PRODUCT
CASE-00228,중국,귤칩 칩 과자,FINISHED_PRODUCT
CASE-00229,일본,빨간고추 붉은고추 고추,RAW_MATERIAL
CASE-00230,일본,청고추 고추,RAW_MATERIAL
CASE-00231,대만,토마토,RAW_MATERIAL
CASE-00232,미국,음료,FINISHED_PRODUCT
CASE-00233,일본,캡사이신 향신료,PROCESSED_INGREDIENT
CASE-00234,일본,빨간고추 붉은고추 고추,RAW_MATERIAL
CASE-00235,일본,참외,RAW_MATERIAL
CASE-00236,일본,음료,FINISHED_PRODUCT
CASE-00237,일본,씨앗,FINISHED_PRODUCT
CASE-00238,대만,수삼 삼,RAW_MATERIAL
CASE-00239,미국,면,PROCESSED_INGREDIENT
CASE-00240,미국,면,PROCESSED_INGREDIENT
CASE-00241,미국,캔디 사탕,FINISHED_PRODUCT
CASE-00242,미국,면,PROCESSED_INGREDIENT
CASE-00243,미국,면,PROCESSED_INGREDIENT
CASE-00244,미국,어란 명란,FINISHED_PRODUCT
CASE-00245,미국,인삼 삼,RAW_MATERIAL
CASE-00246,미국,잎 줄기 채소,RAW_MATERIAL
CASE-00247,미국,중국무 무,RAW_MATERIAL
CASE-00248,일본,청고추 고추,RAW_MATERIAL
CASE-00249,일본,청고추 고추,RAW_MATERIAL
CASE-00250,일본,음료,FINISHED_PRODUCT
CASE-00251,중국,해삼,PROCESSED_INGREDIENT
CASE-00252,중국,김,FINISHED_PRODUCT
CASE-00253,중국,젤리,FINISHED_PRODUCT
CASE-00254,중국,젤리,FINISHED_PRODUCT
CASE-00255,중국,젤리,FINISHED_PRODUCT
CASE-00256,미국,캔디 사탕,FINISHED_PRODUCT
CASE-00257,미국,면,PROCESSED_INGREDIENT
CASE-00258,미국,면,PROCESSED_INGREDIENT
CASE-00259,미국,쥐치 생선 물고기,RAW_MATERIAL
CASE-00260,미국,인삼즙 주스,FINISHED_PRODUCT
CASE-00261,미국,음료,FINISHED_PRODUCT
CASE-00262,미국,면,PROCESSED_INGREDIENT
CASE-00263,일본,고추,RAW_MATERIAL
CASE-00264,일본,참외,RAW_MATERIAL
CASE-00265,일본,참외,RAW_MATERIAL
CASE-00266,일본,게 꽃게,RAW_MATERIAL
CASE-00267,일본,게 꽃게,PROCESSED_INGREDIENT
CASE-00268,일본,고추,RAW_MATERIAL
CASE-00269,중국,두유,FINISHED_PRODUCT
CASE-00270,중국,생선 물고기 통조림,FINISHED_PRODUCT
CASE-00271,중국,김,FINISHED_PRODUCT
CASE-00272,중국,과자,FINISHED_PRODUCT
CASE-00273,미국,곶감 감,PROCESSED_INGREDIENT
CASE-00274,미국,면,PROCESSED_INGREDIENT
CASE-00275,미국,인삼 삼,RAW_MATERIAL
CASE-00276,미국,면,PROCESSED_INGREDIENT
CASE-00277,EU,탄산음료,FINISHED_PRODUCT
CASE-00278,일본,붕장어 생선 물고기,FINISHED_PRODUCT
CASE-00279,미국,팽이버섯 버섯,RAW_MATERIAL
CASE-00280,미국,꿀차,FINISHED_PRODUCT
CASE-00281,미국,꿀차,FINISHED_PRODUCT
CASE-00282,미국,음료,FINISHED_PRODUCT
CASE-00283,일본,떡,FINISHED_PRODUCT
CASE-00284,일본,게 꽃게,FINISHED_PRODUCT
CASE-00285,일본,파우더,PROCESSED_INGREDIENT
CASE-00286,일본,식품첨가물 첨가물,PROCESSED_INGREDIENT
CASE-00287,중국,프로바이오틱 분말,PROCESSED_INGREDIENT
CASE-00288,중국,과채주스 주스,FINISHED_PRODUCT
CASE-00289,중국,차,FINISHED_PRODUCT
CASE-00290,중국,차,FINISHED_PRODUCT
CASE-00291,중국,김,FINISHED_PRODUCT
CASE-00292,중국,김자반,FINISHED_PRODUCT
CASE-00293,중국,파우더,PROCESSED_INGREDIENT
CASE-00294,대만,수박,RAW_MATERIAL
CASE-00295,대만,배추 채소,RAW_MATERIAL
CASE-00296,미국,팽이버섯 버섯,RAW_MATERIAL
CASE-00297,EU,음료,FINISHED_PRODUCT
CASE-00298,일본,간장게장 게장,FINISHED_PRODUCT
CASE-00299,중국,음료,FINISHED_PRODUCT
CASE-00300,중국,도라지배즙 배즙 도라지즙 즙,FINISHED_PRODUCT
CASE-00301,중국,해초미역면 면,PROCESSED_INGREDIENT
CASE-00302,중국,해삼,RAW_MATERIAL
CASE-00303,중국,음료,FINISHED_PRODUCT
CASE-00304,중국,음료,FINISHED_PRODUCT
CASE-00305,중국,음료,FINISHED_PRODUCT
CASE-00306,대만,멜론 과일,RAW_MATERIAL
CASE-00307,대만,활비목어 생선 물고기,RAW_MATERIAL
CASE-00308,미국,냉훈 훈제 멸치,FINISHED_PRODUCT
CASE-00309,미국,팽이버섯 버섯,RAW_MATERIAL
CASE-00310,미국,팽이버섯 버섯,RAW_MATERIAL
CASE-00311,미국,표고버섯 버섯,RAW_MATERIAL
CASE-00312,미국,면,PROCESSED_INGREDIENT
CASE-00313,미국,젤리,FINISHED_PRODUCT
CASE-00314,미국,음료 물,FINISHED_PRODUCT
CASE-00315,EU,황새치 생선 물고기 회,RAW_MATERIAL
CASE-00316,일본,붉은고추 고추,RAW_MATERIAL
CASE-00317,중국,청차 차,FINISHED_PRODUCT
CASE-00318,중국,숙취해소 음료,FINISHED_PRODUCT
CASE-00319,중국,칼로리 음료,FINISHED_PRODUCT
CASE-00320,중국,조류 오일 젤리 캔디 사탕,FINISHED_PRODUCT
CASE-00321,중국,어육 소시지,FINISHED_PRODUCT
CASE-00322,중국,어육 소시지,FINISHED_PRODUCT
CASE-00323,대만,떡볶이소스 소스,PROCESSED_INGREDIENT
CASE-00324,미국,팽이버섯 버섯,RAW_MATERIAL
CASE-00325,미국,어류 생선 물고기,RAW_MATERIAL
CASE-00326,미국,수산물 해산물 물고기 생선 조개,RAW_MATERIAL
CASE-00327,미국,곶감 감,PROCESSED_INGREDIENT
CASE-00328,미국,허브 향신료,RAW_MATERIAL
CASE-00329,미국,허브 향신료,RAW_MATERIAL
CASE-00330,일본,참다랑어 생선 물고기 회,RAW_MATERIAL
CASE-00331,일본,조미료,PROCESSED_INGREDIENT
CASE-00332,일본,우유 음료,FINISHED_PRODUCT
CASE-00333,일본,청고추 고추,RAW_MATERIAL
CASE-00334,일본,청고추 고추,RAW_MATERIAL
CASE-00335,중국,아이스떡 떡,FINISHED_PRODUCT
CASE-00336,중국,아이스떡 떡,FINISHED_PRODUCT
CASE-00337,중국,콜라겐,FINISHED_PRODUCT
CASE-00338,대만,인삼 삼,RAW_MATERIAL
CASE-00339,미국,팽이버섯 버섯,RAW_MATERIAL
CASE-00340,미국,허브 향신료,RAW_MATERIAL
CASE-00341,미국,팽이버섯 버섯,RAW_MATERIAL
CASE-00342,미국,가리비 조개,RAW_MATERIAL
CASE-00343,미국,굴 조개 생굴,RAW_MATERIAL
CASE-00344,미국,홍합 조개,RAW_MATERIAL
CASE-00345,EU,황새치 생선 물고기 회,RAW_MATERIAL
CASE-00346,일본,청고추 고추,RAW_MATERIAL
CASE-00347,일본,청고추 고추,RAW_MATERIAL
CASE-00348,중국,해삼,RAW_MATERIAL
CASE-00349,중국,알로에 음료,FINISHED_PRODUCT
CASE-00350,대만,밀감 감,RAW_MATERIAL
CASE-00351,대만,인삼,RAW_MATERIAL
CASE-00352,대만,인삼,RAW_MATERIAL
CASE-00353,대만,젤리,FINISHED_PRODUCT
CASE-00354,미국,초콜릿 플레인 쿠키 비스킷 웨이퍼,FINISHED_PRODUCT
CASE-00355,미국,팽이버섯 버섯,RAW_MATERIAL
CASE-00356,중국,김,FINISHED_PRODUCT
CASE-00357,중국,과자,FINISHED_PRODUCT
CASE-00358,중국,음료,FINISHED_PRODUCT
CASE-00359,중국,삼치 생선 물고기,RAW_MATERIAL
CASE-00360,중국,한과 과자,FINISHED_PRODUCT
CASE-00361,중국,누룽지,FINISHED_PRODUCT
CASE-00362,중국,도라지배즙 음료 도라지즙 배즙 즙,FINISHED_PRODUCT
CASE-00363,중국,음용수 음료,FINISHED_PRODUCT
CASE-00364,중국,사과즙 음료,FINISHED_PRODUCT
CASE-00365,중국,에그롤 롤,FINISHED_PRODUCT
CASE-00366,중국,김,FINISHED_PRODUCT
CASE-00367,중국,벌꿀흑마늘즙 음료,FINISHED_PRODUCT
CASE-00368,중국,흑마늘즙 음료,FINISHED_PRODUCT
CASE-00369,중국,감식초 식초,PROCESSED_INGREDIENT
CASE-00370,중국,쌀유자,FINISHED_PRODUCT
CASE-00371,중국,쌀국수,FINISHED_PRODUCT
CASE-00372,중국,쌀국수,FINISHED_PRODUCT
CASE-00373,중국,김,FINISHED_PRODUCT
CASE-00374,중국,사골곰탕 곰탕,FINISHED_PRODUCT
CASE-00375,중국,김,FINISHED_PRODUCT
CASE-00376,중국,소라살 소라,PROCESSED_INGREDIENT
CASE-00377,중국,김,FINISHED_PRODUCT
CASE-00378,중국,미역,RAW_MATERIAL
CASE-00379,중국,쌀가루,PROCESSED_INGREDIENT
CASE-00380,중국,쌀가루,PROCESSED_INGREDIENT
CASE-00381,대만,콜라겐 석류즙,FINISHED_PRODUCT
CASE-00382,일본,인스턴트 커피,FINISHED_PRODUCT
CASE-00383,일본,다시마면 면,PROCESSED_INGREDIENT
CASE-00384,일본,오징어김치 김치,FINISHED_PRODUCT
CASE-00385,일본,문어김치 김치,FINISHED_PRODUCT
CASE-00386,일본,과메기 생선 물고기,RAW_MATERIAL
CASE-00387,미국,팽이버섯 버섯,RAW_MATERIAL
CASE-00388,미국,팽이버섯 버섯,RAW_MATERIAL
CASE-00389,미국,면,FINISHED_PRODUCT
CASE-00390,미국,곰보버섯 버섯,RAW_MATERIAL
CASE-00391,미국,인삼 추출물 홍삼,FINISHED_PRODUCT
CASE-00392,미국,표고버섯 버섯,RAW_MATERIAL
CASE-00393,중국,김자반,FINISHED_PRODUCT
CASE-00394,중국,청국장,FINISHED_PRODUCT
CASE-00395,중국,과자,FINISHED_PRODUCT
CASE-00396,중국,과자,FINISHED_PRODUCT
CASE-00397,중국,과자,FINISHED_PRODUCT
CASE-00398,중국,과자,FINISHED_PRODUCT
CASE-00399,중국,김,FINISHED_PRODUCT
CASE-00400,중국,김,FINISHED_PRODUCT
CASE-00401,중국,마가린,PROCESSED_INGREDIENT
CASE-00402,대만,인삼 삼,RAW_MATERIAL
CASE-00403,대만,인삼 삼,RAW_MATERIAL
CASE-00404,일본,말차 음료,FINISHED_PRODUCT
CASE-00405,일본,타로라테 음료,FINISHED_PRODUCT
CASE-00406,미국,팽이버섯 버섯,RAW_MATERIAL
CASE-00407,중국,김,PROCESSED_INGREDIENT
CASE-00408,중국,김,FINISHED_PRODUCT
CASE-00409,중국,갈치 물고기 생선,RAW_MATERIAL
CASE-00410,중국,삼치 물고기 생선,RAW_MATERIAL
CASE-00411,중국,넙치 물고기 생선,RAW_MATERIAL
CASE-00412,중국,도다리 물고기 생선,RAW_MATERIAL
CASE-00413,중국,돌가자미 물고기 생선,RAW_MATERIAL
CASE-00414,중국,부침가루 튀김가루 가루,PROCESSED_INGREDIENT
CASE-00415,중국,옥수수시리얼 시리얼,FINISHED_PRODUCT
CASE-00416,중국,옥수수시리얼 시리얼,FINISHED_PRODUCT
CASE-00417,미국,팽이버섯 버섯,RAW_MATERIAL
CASE-00418,미국,젤리 캔디 사탕,FINISHED_PRODUCT
CASE-00419,미국,팽이버섯 버섯,RAW_MATERIAL
CASE-00420,EU,면,PROCESSED_INGREDIENT
CASE-00421,중국,차,FINISHED_PRODUCT
CASE-00422,중국,차,FINISHED_PRODUCT
CASE-00423,중국,차,FINISHED_PRODUCT
CASE-00424,중국,농축과즙 과즙,PROCESSED_INGREDIENT
CASE-00425,중국,단백질 에너지바,FINISHED_PRODUCT
CASE-00426,중국,단백질 에너지바,FINISHED_PRODUCT
CASE-00427,중국,참치 통조림,FINISHED_PRODUCT
CASE-00428,일본,떡볶이,FINISHED_PRODUCT
CASE-00429,일본,떡볶이,FINISHED_PRODUCT
CASE-00430,일본,떡볶이,FINISHED_PRODUCT
CASE-00431,일본,활피조개 피조개 조개,RAW_MATERIAL
CASE-00432,일본,꽈리고추 고추,RAW_MATERIAL
CASE-00433,일본,청고추 고추,RAW_MATERIAL
CASE-00434,일본,율무차,FINISHED_PRODUCT
CASE-00435,미국,팽이버섯 버섯,RAW_MATERIAL
CASE-00436,미국,팽이버섯 버섯,RAW_MATERIAL
CASE-00437,미국,팽이버섯 버섯,RAW_MATERIAL
CASE-00438,EU,건해초 해초,RAW_MATERIAL
CASE-00439,EU,면,PROCESSED_INGREDIENT
CASE-00440,중국,홍삼,FINISHED_PRODUCT
CASE-00441,중국,사탕 캔디,FINISHED_PRODUCT
CASE-00442,중국,그래놀라 오트밀바,FINISHED_PRODUCT
CASE-00443,중국,비타민 캔디 사탕,FINISHED_PRODUCT
CASE-00444,중국,둥굴레차,FINISHED_PRODUCT
CASE-00445,중국,쑥음료 음료,FINISHED_PRODUCT
CASE-00446,중국,긴꼬리대구 생선 물고기,RAW_MATERIAL
CASE-00447,대만,볶음면 면,FINISHED_PRODUCT
CASE-00448,대만,깻잎,RAW_MATERIAL
CASE-00449,일본,비빔면,FINISHED_PRODUCT
CASE-00450,일본,디카페인 커피콩,PROCESSED_INGREDIENT
CASE-00451,일본,즉석면 유탕면 면,FINISHED_PRODUCT
CASE-00452,미국,말린고추 고추,PROCESSED_INGREDIENT
CASE-00453,미국,떡,FINISHED_PRODUCT
CASE-00454,미국,허브 향신료,RAW_MATERIAL
CASE-00455,미국,홍합,RAW_MATERIAL
CASE-00456,미국,캔디 사탕,FINISHED_PRODUCT
CASE-00457,EU,떡,FINISHED_PRODUCT
CASE-00458,중국,해삼,PROCESSED_INGREDIENT
CASE-00459,중국,음료,FINISHED_PRODUCT
CASE-00460,일본,수프 스튜,FINISHED_PRODUCT
CASE-00461,대만,소스,PROCESSED_INGREDIENT
CASE-00462,대만,소스,PROCESSED_INGREDIENT
CASE-00463,대만,소스,PROCESSED_INGREDIENT
CASE-00464,대만,면,PROCESSED_INGREDIENT
CASE-00465,미국,아이스크림,FINISHED_PRODUCT
CASE-00466,EU,다랑어 생선 회 물고기,RAW_MATERIAL
CASE-00467,EU,면,PROCESSED_INGREDIENT
CASE-00468,EU,면,PROCESSED_INGREDIENT
CASE-00469,중국,크림치즈 버터 치즈,PROCESSED_INGREDIENT
CASE-00470,일본,즉석면 유탕면,PROCESSED_INGREDIENT
CASE-00471,일본,풋고추 고추,RAW_MATERIAL
CASE-00472,일본,음료,FINISHED_PRODUCT
CASE-00473,대만,양파 채소,RAW_MATERIAL
CASE-00474,대만,인삼 삼,RAW_MATERIAL
CASE-00475,미국,인삼 삼,RAW_MATERIAL
CASE-00476,미국,고등어 생선 물고기,RAW_MATERIAL
CASE-00477,미국,꽁치 생선 물고기,RAW_MATERIAL
CASE-00478,미국,잎 줄기채소 채소,RAW_MATERIAL
CASE-00479,중국,김,FINISHED_PRODUCT
CASE-00480,일본,비스킷 과자,FINISHED_PRODUCT
CASE-00481,일본,비스킷 과자,FINISHED_PRODUCT
CASE-00482,일본,비스킷 과자,FINISHED_PRODUCT
CASE-00483,대만,멜론 과일,RAW_MATERIAL
CASE-00484,대만,상추 채소,RAW_MATERIAL
CASE-00485,미국,팽이버섯 버섯,RAW_MATERIAL
CASE-00486,미국,어란 명란,FINISHED_PRODUCT
CASE-00487,미국,대구 명태 동태 황태 북어 먹태 생선 물고기,RAW_MATERIAL
CASE-00488,미국,소스,PROCESSED_INGREDIENT
CASE-00489,미국,젤리 젤라틴,PROCESSED_INGREDIENT
CASE-00490,미국,표고버섯 버섯,RAW_MATERIAL
CASE-00491,미국,허브 향신료,RAW_MATERIAL
CASE-00492,중국,어육 게맛살 맛살,FINISHED_PRODUCT
CASE-00493,중국,어육 크랩 게살,FINISHED_PRODUCT
CASE-00494,대만,토마토,RAW_MATERIAL
CASE-00495,대만,짜장소스 떡볶이소스 소스,PROCESSED_INGREDIENT
CASE-00496,미국,음료,FINISHED_PRODUCT
CASE-00497,미국,스낵 과자,FINISHED_PRODUCT
CASE-00498,미국,파,PROCESSED_INGREDIENT
CASE-00499,미국,감,RAW_MATERIAL
CASE-00500,미국,젤리 젤리빈 검드롭,FINISHED_PRODUCT
CASE-00501,중국,김말이 튀김,FINISHED_PRODUCT
CASE-00502,일본,피조개살 피조개 조개,RAW_MATERIAL
CASE-00503,일본,레토르트,FINISHED_PRODUCT
CASE-00504,대만,배도라지즙 배즙 도라지즙 즙,FINISHED_PRODUCT
CASE-00505,미국,팽이버섯 버섯,RAW_MATERIAL
CASE-00506,미국,프로폴리스,FINISHED_PRODUCT
CASE-00507,미국,팽이버섯 버섯,RAW_MATERIAL
CASE-00508,EU,해초,RAW_MATERIAL
CASE-00509,중국,보이차 차,FINISHED_PRODUCT
CASE-00510,중국,멸치 조미 파우더,PROCESSED_INGREDIENT
CASE-00511,중국,김,FINISHED_PRODUCT
CASE-00512,일본,깐새우장 새우장,FINISHED_PRODUCT
CASE-00513,일본,아이스밀크 아이스크림 콘,FINISHED_PRODUCT
CASE-00514,일본,고려인삼차 인삼차 차,FINISHED_PRODUCT
CASE-00515,일본,고려인삼차 인삼차 차,FINISHED_PRODUCT
CASE-00516,일본,풋고추 고추,RAW_MATERIAL
CASE-00517,일본,쪽파 파,RAW_MATERIAL
CASE-00518,대만,인삼 삼,RAW_MATERIAL
CASE-00519,대만,인삼 삼,RAW_MATERIAL
CASE-00520,미국,인삼 주스,FINISHED_PRODUCT
CASE-00521,미국,팽이버섯 버섯,RAW_MATERIAL
CASE-00522,미국,갑오징어 오징어 해산물 수산물,RAW_MATERIAL
CASE-00523,미국,다류 차,FINISHED_PRODUCT
CASE-00524,미국,팽이버섯 버섯,RAW_MATERIAL
CASE-00525,EU,참치 생선 물고기 회,RAW_MATERIAL
CASE-00526,중국,김,FINISHED_PRODUCT
CASE-00527,중국,김,FINISHED_PRODUCT
CASE-00528,중국,음료,FINISHED_PRODUCT
CASE-00529,일본,양념게장 게장,FINISHED_PRODUCT
CASE-00530,대만,배추 채소,RAW_MATERIAL
CASE-00531,대만,배추 채소,RAW_MATERIAL
CASE-00532,대만,BBQ소스 소즈,PROCESSED_INGREDIENT
CASE-00533,미국,장어 생선 물고기,RAW_MATERIAL
CASE-00534,미국,스낵 과자,FINISHED_PRODUCT
CASE-00535,미국,캔디 사탕,FINISHED_PRODUCT
CASE-00536,중국,주스 음료,FINISHED_PRODUCT
CASE-00537,중국,주스 음료,FINISHED_PRODUCT
CASE-00538,중국,주스 음료,FINISHED_PRODUCT
CASE-00539,중국,주스 음료,FINISHED_PRODUCT
CASE-00540,중국,주스 음료,FINISHED_PRODUCT
CASE-00541,중국,주스 음료,FINISHED_PRODUCT
CASE-00542,중국,주스 음료,FINISHED_PRODUCT
CASE-00543,중국,라면,FINISHED_PRODUCT
CASE-00544,중국,된장국,FINISHED_PRODUCT
CASE-00545,일본,붕장어조림 조림,FINISHED_PRODUCT
CASE-00546,일본,쪽파 파,RAW_MATERIAL
CASE-00547,일본,풋고추 고추,RAW_MATERIAL
CASE-00548,대만,밀감 감,RAW_MATERIAL
CASE-00549,대만,컵라면 라면,FINISHED_PRODUCT
CASE-00550,미국,초콜릿바 초콜릿 바,FINISHED_PRODUCT
CASE-00551,미국,팽이버섯 버섯,RAW_MATERIAL
CASE-00552,미국,팽이버섯 버섯,RAW_MATERIAL
CASE-00553,미국,팽이버섯 버섯,RAW_MATERIAL
CASE-00554,미국,표고버섯 버섯,RAW_MATERIAL
CASE-00555,미국,스낵,FINISHED_PRODUCT
CASE-00556,미국,어란 명란,FINISHED_PRODUCT
CASE-00557,미국,오징어 해산물 수산물,RAW_MATERIAL
CASE-00558,미국,팽이버섯 버섯,RAW_MATERIAL
CASE-00559,미국,팽이버섯 버섯,RAW_MATERIAL
CASE-00560,미국,표고버섯 버섯,RAW_MATERIAL
CASE-00561,미국,스낵,FINISHED_PRODUCT
CASE-00562,미국,스낵,FINISHED_PRODUCT
CASE-00563,중국,김스낵 스낵,FINISHED_PRODUCT
CASE-00564,중국,김,FINISHED_PRODUCT
CASE-00565,중국,프로바이오틱스 과립,PROCESSED_INGREDIENT
CASE-00566,일본,인절미 떡,FINISHED_PRODUCT
CASE-00567,대만,배추 채소,RAW_MATERIAL
CASE-00568,미국,매실소스 소스,PROCESSED_INGREDIENT
CASE-00569,미국,오징어 해산물 수산물,RAW_MATERIAL
CASE-00570,미국,잎 줄기 채소,PROCESSED_INGREDIENT
CASE-00571,미국,팽이버섯 버섯,RAW_MATERIAL
CASE-00572,미국,스낵,FINISHED_PRODUCT
CASE-00573,EU,건해초 해초,RAW_MATERIAL
CASE-00574,중국,햄 통조림,FINISHED_PRODUCT
CASE-00575,중국,햄,FINISHED_PRODUCT
CASE-00576,중국,통조림,FINISHED_PRODUCT
CASE-00577,중국,런천미트 햄,FINISHED_PRODUCT
CASE-00578,중국,효소 알로에 음료,FINISHED_PRODUCT
CASE-00579,중국,효소 음료,FINISHED_PRODUCT
CASE-00580,중국,율무 곡물 음료,FINISHED_PRODUCT
CASE-00581,중국,주스 음료,FINISHED_PRODUCT
CASE-00582,중국,도라지배즙 도라지즙 배즙 음료,FINISHED_PRODUCT
CASE-00583,중국,베리 음료,FINISHED_PRODUCT
CASE-00584,중국,캔디 사탕,FINISHED_PRODUCT
CASE-00585,일본,피조개 조개,RAW_MATERIAL
CASE-00586,일본,새우소스 소스,PROCESSED_INGREDIENT
CASE-00587,일본,새우소스 소스,PROCESSED_INGREDIENT
CASE-00588,일본,게장소스 소스,PROCESSED_INGREDIENT
CASE-00589,대만,떡볶이,FINISHED_PRODUCT
CASE-00590,대만,김치양념 양념,PROCESSED_INGREDIENT
CASE-00591,미국,곰보버섯 버섯,RAW_MATERIAL
CASE-00592,중국,해물라면 라면,FINISHED_PRODUCT
CASE-00593,일본,조림양념 양념,PROCESSED_INGREDIENT
CASE-00594,일본,된장찌개 찌개,FINISHED_PRODUCT
CASE-00595,일본,마카롱 바닐라브라우니,FINISHED_PRODUCT
CASE-00596,일본,마카롱 얼그레이밀크티,FINISHED_PRODUCT
CASE-00597,일본,마카롱 녹차브라우니,FINISHED_PRODUCT
CASE-00598,일본,양념장어구이 장어구이,FINISHED_PRODUCT
CASE-00599,일본,칩 스낵 과자,FINISHED_PRODUCT
CASE-00600,대만,차 티백,FINISHED_PRODUCT
CASE-00601,대만,라면,FINISHED_PRODUCT
CASE-00602,대만,배 과일,RAW_MATERIAL
CASE-00603,대만,인삼 삼,RAW_MATERIAL
CASE-00604,대만,젤리,FINISHED_PRODUCT
CASE-00605,대만,포도 과일,RAW_MATERIAL
CASE-00606,미국,마늘 향신료,RAW_MATERIAL
CASE-00607,미국,새우 차우더 수프 스튜 비스크,FINISHED_PRODUCT
CASE-00608,미국,쌀과자 과자,FINISHED_PRODUCT
CASE-00609,미국,어묵 오뎅,FINISHED_PRODUCT
CASE-00610,미국,오징어 해산물 수산물,RAW_MATERIAL
CASE-00611,미국,인삼 삼,PROCESSED_INGREDIENT
CASE-00612,미국,스낵 과자,FINISHED_PRODUCT
CASE-00613,미국,캔디 사탕,FINISHED_PRODUCT
CASE-00614,중국,유산균 음료,FINISHED_PRODUCT
CASE-00615,중국,유산균 음료,FINISHED_PRODUCT
CASE-00616,중국,음료,FINISHED_PRODUCT
CASE-00617,일본,주스,FINISHED_PRODUCT
CASE-00618,대만,간장양념깻잎 간장양념 양념깻잎 깻잎지 깻잎반찬 깻잎,FINISHED_PRODUCT
CASE-00619,미국,중국무 무,FINISHED_PRODUCT
CASE-00620,미국,딸기,PROCESSED_INGREDIENT
CASE-00621,미국,딸기,PROCESSED_INGREDIENT
CASE-00622,미국,면,PROCESSED_INGREDIENT
CASE-00623,미국,훈제 생선 물고기,FINISHED_PRODUCT
CASE-00624,미국,수프,FINISHED_PRODUCT
CASE-00625,미국,오징어 해산물 수산물,RAW_MATERIAL
CASE-00626,미국,오징어 해산물 수산물,RAW_MATERIAL
CASE-00627,미국,스낵 과자,FINISHED_PRODUCT
CASE-00628,EU,인스턴트 면,PROCESSED_INGREDIENT
CASE-00629,중국,견과류 생강차 음료,FINISHED_PRODUCT
CASE-00630,중국,갈치 생선 물고기,RAW_MATERIAL
CASE-00631,중국,조기 생선 물고기,RAW_MATERIAL
CASE-00632,중국,김,FINISHED_PRODUCT
CASE-00633,중국,유산균 음료,FINISHED_PRODUCT
CASE-00634,일본,떡볶이소스 소스,PROCESSED_INGREDIENT
CASE-00635,일본,캡사이신 소스,PROCESSED_INGREDIENT
CASE-00636,일본,프레첼 과자 스낵,FINISHED_PRODUCT
CASE-00637,일본,유음료 우유 음료,FINISHED_PRODUCT
CASE-00638,일본,유음료 우유 음료,FINISHED_PRODUCT
CASE-00639,미국,대구 명태 동태 황태 북어 먹태 생선 물고기,RAW_MATERIAL
CASE-00640,미국,생선반찬 생선까스,FINISHED_PRODUCT
CASE-00641,미국,인삼 주스 음료 ,FINISHED_PRODUCT
CASE-00642,미국,허브 향신료,RAW_MATERIAL
CASE-00643,EU,건해초 해초,RAW_MATERIAL
CASE-00644,EU,김,PROCESSED_INGREDIENT
CASE-00645,중국,김크래커 크래커 과자,FINISHED_PRODUCT
CASE-00646,중국,굴 조개 생굴,RAW_MATERIAL
CASE-00647,중국,유산균 음료,FINISHED_PRODUCT
CASE-00648,중국,프로바이오틱 음료,FINISHED_PRODUCT
CASE-00649,대만,포도 과일,RAW_MATERIAL
CASE-00650,일본,음료,FINISHED_PRODUCT
CASE-00651,미국,양송이버섯 버섯,RAW_MATERIAL
CASE-00652,미국,새꼬막 꼬막 조개,RAW_MATERIAL
CASE-00653,미국,인삼 주스,FINISHED_PRODUCT
CASE-00654,미국,허브 향신료,RAW_MATERIAL
CASE-00655,중국,비빔면,FINISHED_PRODUCT
CASE-00656,중국,유탕인스턴트라면 라면 인스턴트,FINISHED_PRODUCT
CASE-00657,대만,멜론 과일,RAW_MATERIAL
CASE-00658,일본,레토르트,FINISHED_PRODUCT
CASE-00659,일본,붕장어조림 조림,FINISHED_PRODUCT
CASE-00660,미국,수산물 물고기 해산물,FINISHED_PRODUCT
CASE-00661,미국,표고버섯 버섯,RAW_MATERIAL
CASE-00662,미국,팽이버섯 버섯,RAW_MATERIAL
CASE-00663,EU,건해초 해초,RAW_MATERIAL
CASE-00664,중국,과채죽 죽,FINISHED_PRODUCT
CASE-00665,중국,과채죽 죽,FINISHED_PRODUCT
CASE-00666,중국,과채 퓌레,FINISHED_PRODUCT
CASE-00667,중국,과채 퓌레,FINISHED_PRODUCT
CASE-00668,중국,과채죽 죽,FINISHED_PRODUCT
CASE-00669,중국,과채죽 죽,FINISHED_PRODUCT
CASE-00670,중국,감자칩,FINISHED_PRODUCT
CASE-00671,중국,음료,FINISHED_PRODUCT
CASE-00672,중국,캔디 사탕,FINISHED_PRODUCT
CASE-00673,중국,캔디 사탕,FINISHED_PRODUCT
CASE-00674,중국,캔디 사탕,FINISHED_PRODUCT
CASE-00675,중국,캔디 사탕,FINISHED_PRODUCT
CASE-00676,중국,컵라면 인스턴트 라면,FINISHED_PRODUCT
CASE-00677,중국,인스턴트 라면,FINISHED_PRODUCT
CASE-00678,중국,새우칩 과자 칩,FINISHED_PRODUCT
CASE-00679,중국,콘플레이크 시리얼,FINISHED_PRODUCT
CASE-00680,중국,오트밀 시리얼,FINISHED_PRODUCT
CASE-00681,중국,맥아분말 음료,FINISHED_PRODUCT
CASE-00682,중국,밥,FINISHED_PRODUCT
CASE-00683,중국,유탕 인스턴트 라면,FINISHED_PRODUCT
CASE-00684,대만,김,FINISHED_PRODUCT
CASE-00685,대만,보이차 분말,PROCESSED_INGREDIENT
CASE-00686,일본,창난젓 젓갈,FINISHED_PRODUCT
CASE-00687,일본,창난젓 젓갈,FINISHED_PRODUCT
CASE-00688,미국,어묵 오뎅,FINISHED_PRODUCT
CASE-00689,미국,팽이버섯 버섯,RAW_MATERIAL
CASE-00690,중국,김스낵 과자 스낵,FINISHED_PRODUCT
CASE-00691,중국,김스낵 과자 스낵,FINISHED_PRODUCT
CASE-00692,중국,김스낵 과자 스낵,FINISHED_PRODUCT
CASE-00693,중국,주스 음료,FINISHED_PRODUCT
CASE-00694,중국,주스 음료,FINISHED_PRODUCT
CASE-00695,중국,주스 음료,FINISHED_PRODUCT
CASE-00696,중국,주스 음료,FINISHED_PRODUCT
CASE-00697,중국,주스 음료,FINISHED_PRODUCT
CASE-00698,중국,주스 음료,FINISHED_PRODUCT
CASE-00699,중국,주스 음료,FINISHED_PRODUCT
CASE-00700,중국,주스 음료,FINISHED_PRODUCT
CASE-00701,중국,주스 음료,FINISHED_PRODUCT
CASE-00702,중국,주스 음료,FINISHED_PRODUCT
CASE-00703,중국,주스 음료,FINISHED_PRODUCT
CASE-00704,중국,주스 음료,FINISHED_PRODUCT
CASE-00705,중국,주스 음료,FINISHED_PRODUCT
CASE-00706,대만,수삼 삼,RAW_MATERIAL
CASE-00707,대만,치킨소스 소스,PROCESSED_INGREDIENT
CASE-00708,미국,캔디 사탕,FINISHED_PRODUCT
CASE-00709,미국,두부,PROCESSED_INGREDIENT
CASE-00710,대만,고춧가루,PROCESSED_INGREDIENT
CASE-00711,대만,포도 과일,RAW_MATERIAL
CASE-00712,대만,포도 과일,RAW_MATERIAL
CASE-00713,일본,커피,FINISHED_PRODUCT
CASE-00714,일본,커피,FINISHED_PRODUCT
CASE-00715,일본,커피,FINISHED_PRODUCT
CASE-00716,일본,커피,FINISHED_PRODUCT
CASE-00717,미국,문어,RAW_MATERIAL
CASE-00718,미국,채소즙 즙 음료 주스,FINISHED_PRODUCT
CASE-00719,미국,어묵 오뎅,FINISHED_PRODUCT
CASE-00720,미국,수리미 어육 연육,PROCESSED_INGREDIENT
CASE-00721,미국,수리미 어육 연육,PROCESSED_INGREDIENT
CASE-00722,미국,민어 생선 물고기,RAW_MATERIAL
CASE-00723,미국,면,FINISHED_PRODUCT
CASE-00724,미국,캔디 사탕,FINISHED_PRODUCT
CASE-00725,미국,캔디 사탕,FINISHED_PRODUCT
CASE-00726,EU,면,PROCESSED_INGREDIENT
CASE-00727,중국,알로에 음료,FINISHED_PRODUCT
CASE-00728,중국,명태편 명태,FINISHED_PRODUCT
CASE-00729,중국,소스,PROCESSED_INGREDIENT
CASE-00730,중국,비빔면,FINISHED_PRODUCT
CASE-00731,중국,라면,FINISHED_PRODUCT
CASE-00732,중국,베이컨,FINISHED_PRODUCT
CASE-00733,중국,볶음면,FINISHED_PRODUCT
CASE-00734,중국,볶음면,FINISHED_PRODUCT
CASE-00735,중국,분유,FINISHED_PRODUCT
CASE-00736,중국,인스턴트면 큰사발 사발 인스턴트 라면,FINISHED_PRODUCT
CASE-00737,중국,스파게티 라면,FINISHED_PRODUCT
CASE-00738,중국,면,PROCESSED_INGREDIENT
CASE-00739,중국,면,FINISHED_PRODUCT
CASE-00740,중국,면 사발면,FINISHED_PRODUCT
CASE-00741,중국,컵라면 라면 사발면,FINISHED_PRODUCT
CASE-00742,중국,라면 사발면,FINISHED_PRODUCT
CASE-00743,중국,라면 사발면,FINISHED_PRODUCT
CASE-00744,중국,라면 사발면,FINISHED_PRODUCT
CASE-00745,중국,라면 사발면,FINISHED_PRODUCT
CASE-00746,중국,라면 사발면,FINISHED_PRODUCT
CASE-00747,중국,라면 사발면,FINISHED_PRODUCT
CASE-00748,중국,라면,FINISHED_PRODUCT
CASE-00749,중국,컵라면,FINISHED_PRODUCT
CASE-00750,중국,컵라면,FINISHED_PRODUCT
CASE-00751,중국,볶음면,FINISHED_PRODUCT
CASE-00752,중국,면,PROCESSED_INGREDIENT
CASE-00753,중국,오징어 해산물 수산물,RAW_MATERIAL
CASE-00754,중국,츄러스,FINISHED_PRODUCT
CASE-00755,중국,춘장 짜장,PROCESSED_INGREDIENT
CASE-00756,중국,가자미 생선 물고기,RAW_MATERIAL
CASE-00757,중국,크리머 크림 크리미,PROCESSED_INGREDIENT
CASE-00758,중국,팥가루 가루,PROCESSED_INGREDIENT
CASE-00759,중국,분말,PROCESSED_INGREDIENT
CASE-00760,중국,농축액,PROCESSED_INGREDIENT
CASE-00761,중국,농축액,PROCESSED_INGREDIENT
CASE-00762,중국,라면 사발면,FINISHED_PRODUCT
CASE-00763,중국,자장면 짜장면,FINISHED_PRODUCT
CASE-00764,중국,라면 사발면,FINISHED_PRODUCT
CASE-00765,중국,라면 사발면,FINISHED_PRODUCT
CASE-00766,중국,김치국수 국수,FINISHED_PRODUCT
CASE-00767,중국,비빔면,FINISHED_PRODUCT
CASE-00768,중국,해산물 큰사발면,FINISHED_PRODUCT
CASE-00769,중국,컵라면 라면 사발면,FINISHED_PRODUCT
CASE-00770,중국,김,FINISHED_PRODUCT
CASE-00771,대만,포도 과일,RAW_MATERIAL
CASE-00772,대만,포도 과일,RAW_MATERIAL
CASE-00773,대만,포도 과일,RAW_MATERIAL
CASE-00774,대만,떡볶이소스 소스,PROCESSED_INGREDIENT
CASE-00775,대만,포도 과일,RAW_MATERIAL
CASE-00776,대만,포도 과일,RAW_MATERIAL
CASE-00777,대만,떡볶이소스 소스,PROCESSED_INGREDIENT
CASE-00778,대만,포도 과일,RAW_MATERIAL
CASE-00779,대만,딸기 과일,RAW_MATERIAL
CASE-00780,대만,포도 과일,RAW_MATERIAL
CASE-00781,대만,포도 과일,RAW_MATERIAL
CASE-00782,대만,포도 과일,RAW_MATERIAL
CASE-00783,대만,포도 과일,RAW_MATERIAL
CASE-00784,대만,포도 과일,RAW_MATERIAL
CASE-00785,대만,포도 과일,RAW_MATERIAL
CASE-00786,대만,포도 과일,RAW_MATERIAL
CASE-00787,대만,포도 과일,RAW_MATERIAL
CASE-00788,대만,국간장 간장,PROCESSED_INGREDIENT
CASE-00789,대만,유자 퓨레,PROCESSED_INGREDIENT
CASE-00790,대만,유자 제스트,PROCESSED_INGREDIENT
CASE-00791,일본,호빵 빵,FINISHED_PRODUCT
CASE-00792,일본,믹스차 율무차 차,FINISHED_PRODUCT
CASE-00793,일본,게 꽃게,RAW_MATERIAL
CASE-00794,일본,넙치 물고기 생선,RAW_MATERIAL
CASE-00795,일본,음료,FINISHED_PRODUCT
CASE-00796,일본,떡볶이,FINISHED_PRODUCT
CASE-00797,미국,캔디 사탕,FINISHED_PRODUCT
CASE-00798,미국,면,PROCESSED_INGREDIENT
CASE-00799,미국,팽이버섯 버섯,RAW_MATERIAL
CASE-00800,미국,캔디 사탕,FINISHED_PRODUCT
CASE-00801,미국,밀크시슬,RAW_MATERIAL
CASE-00802,미국,어류 생선 물고기,RAW_MATERIAL
CASE-00803,미국,팽이버섯 버섯,RAW_MATERIAL
CASE-00804,미국,캔디 사탕,FINISHED_PRODUCT
CASE-00805,미국,샬롯 양파,RAW_MATERIAL
CASE-00806,미국,면,PROCESSED_INGREDIENT
CASE-00807,미국,팽이버섯 버섯,RAW_MATERIAL
CASE-00808,미국,밀크시슬,RAW_MATERIAL
CASE-00809,미국,밀크시슬,RAW_MATERIAL
CASE-00810,미국,잎 줄기채소 채소,RAW_MATERIAL
CASE-00811,미국,밀크시슬,RAW_MATERIAL
CASE-00812,미국,밀크시슬,RAW_MATERIAL
CASE-00813,미국,팽이버섯 버섯,RAW_MATERIAL
CASE-00814,미국,밀크시슬,PROCESSED_INGREDIENT
CASE-00815,미국,수프 스튜 비스크 차우더,FINISHED_PRODUCT
CASE-00816,EU,홍찻잎 찻잎,PROCESSED_INGREDIENT
CASE-00817,EU,라면,FINISHED_PRODUCT
CASE-00818,EU,육류 우유 달걀,FINISHED_PRODUCT
CASE-00819,중국,음료,FINISHED_PRODUCT
CASE-00820,중국,음료,PROCESSED_INGREDIENT
CASE-00821,중국,음료,PROCESSED_INGREDIENT
CASE-00822,중국,파우더,PROCESSED_INGREDIENT
CASE-00823,중국,파우더,PROCESSED_INGREDIENT
CASE-00824,중국,음료,FINISHED_PRODUCT
CASE-00825,중국,음료,FINISHED_PRODUCT
CASE-00826,중국,파우더,PROCESSED_INGREDIENT
CASE-00827,중국,밀가루 반죽 박력분,PROCESSED_INGREDIENT
CASE-00828,중국,조미가루 복합조미료 조미료,PROCESSED_INGREDIENT
CASE-00829,중국,조미가루 반고체 복합조미료 조미료,PROCESSED_INGREDIENT
CASE-00830,중국,라면,FINISHED_PRODUCT
CASE-00831,중국,라면,FINISHED_PRODUCT
CASE-00832,중국,굴 조개 생굴,RAW_MATERIAL
CASE-00833,중국,라면사리 사리,PROCESSED_INGREDIENT
CASE-00834,중국,김,FINISHED_PRODUCT
CASE-00835,중국,라면,FINISHED_PRODUCT
CASE-00836,중국,곤약면 곤약,PROCESSED_INGREDIENT
CASE-00837,대만,양념깻잎,FINISHED_PRODUCT
CASE-00838,대만,피자소스 소스,PROCESSED_INGREDIENT
CASE-00839,대만,마늘,PROCESSED_INGREDIENT
CASE-00840,대만,고춧가루,PROCESSED_INGREDIENT
CASE-00841,대만,고춧가루,PROCESSED_INGREDIENT
CASE-00842,대만,고춧가루,PROCESSED_INGREDIENT
CASE-00843,대만,고춧가루,PROCESSED_INGREDIENT
CASE-00844,대만,고춧가루,PROCESSED_INGREDIENT
CASE-00845,대만,고춧가루,PROCESSED_INGREDIENT
CASE-00846,대만,고춧가루,PROCESSED_INGREDIENT
CASE-00847,대만,오이피클 피클,FINISHED_PRODUCT
CASE-00848,대만,고춧가루,PROCESSED_INGREDIENT
CASE-00849,일본,음료,FINISHED_PRODUCT
CASE-00850,일본,생선 물고기,RAW_MATERIAL
CASE-00851,일본,풋고추 고추,RAW_MATERIAL
CASE-00852,일본,마카롱,FINISHED_PRODUCT
CASE-00853,일본,음료,FINISHED_PRODUCT
CASE-00854,일본,새우,RAW_MATERIAL
CASE-00855,일본,양념게장 게장,FINISHED_PRODUCT
CASE-00856,미국,멸치,RAW_MATERIAL
CASE-00857,미국,소금,PROCESSED_INGREDIENT
CASE-00858,미국,강낭콩 콩,RAW_MATERIAL
CASE-00859,미국,캔디 사탕,FINISHED_PRODUCT
CASE-00860,미국,팽이버섯 버섯,RAW_MATERIAL
CASE-00861,미국,내장,RAW_MATERIAL
CASE-00862,미국,느타리버섯 버섯,RAW_MATERIAL
CASE-00863,EU,김치,FINISHED_PRODUCT
CASE-00864,EU,김스낵 스낵 과자,FINISHED_PRODUCT
CASE-00865,EU,건면,PROCESSED_INGREDIENT
CASE-00866,EU,라면,FINISHED_PRODUCT
CASE-00867,중국,굴 조개 생굴,RAW_MATERIAL
CASE-00868,중국,들기름김 김,FINISHED_PRODUCT
CASE-00869,중국,맥주 술,FINISHED_PRODUCT
CASE-00870,중국,까나리액젓 액젓,PROCESSED_INGREDIENT
CASE-00871,중국,초코파이 과자,FINISHED_PRODUCT
CASE-00872,중국,비타민C 젤리,FINISHED_PRODUCT
CASE-00873,중국,참다랑어 생선 물고기 회,RAW_MATERIAL
CASE-00874,중국,매실청 과일청 청,FINISHED_PRODUCT
CASE-00875,중국,마시멜로,FINISHED_PRODUCT
CASE-00876,중국,쌀과자 과자,FINISHED_PRODUCT
CASE-00877,중국,쌀과자 과자,FINISHED_PRODUCT
CASE-00878,중국,쌀과자 과자,FINISHED_PRODUCT
CASE-00879,중국,쌀과자 과자,FINISHED_PRODUCT
CASE-00880,중국,쌀과자 과자,FINISHED_PRODUCT
CASE-00881,중국,쌀과자 과자,FINISHED_PRODUCT
CASE-00882,중국,쌀과자 과자,FINISHED_PRODUCT
CASE-00883,중국,현미과자 과자,FINISHED_PRODUCT
CASE-00884,중국,쌀과자 과자,FINISHED_PRODUCT
CASE-00885,중국,쌀과자 과자,FINISHED_PRODUCT
CASE-00886,중국,쌀과자 과자,FINISHED_PRODUCT
CASE-00887,중국,쌀과자 과자,FINISHED_PRODUCT
CASE-00888,중국,쌀과자 과자,FINISHED_PRODUCT
CASE-00889,중국,쌀과자 과자,FINISHED_PRODUCT
CASE-00890,중국,굴 조개 생굴,RAW_MATERIAL
CASE-00891,중국,어묵 오뎅,FINISHED_PRODUCT
CASE-00892,중국,쿠키 과자,FINISHED_PRODUCT
CASE-00893,중국,버터과자 과자,FINISHED_PRODUCT
CASE-00894,중국,호박즙 즙,FINISHED_PRODUCT
CASE-00895,중국,음료,FINISHED_PRODUCT
CASE-00896,중국,젤리,FINISHED_PRODUCT
CASE-00897,중국,참다랑어 생선 물고기 회,RAW_MATERIAL
CASE-00898,중국,참다랑어 생선 물고기 회,RAW_MATERIAL
CASE-00899,중국,오징어다리 오징어,FINISHED_PRODUCT
CASE-00900,중국,가오리 생선 물고기 회,RAW_MATERIAL
CASE-00901,중국,조미유,PROCESSED_INGREDIENT
CASE-00902,대만,고춧가루,PROCESSED_INGREDIENT
CASE-00903,대만,고춧가루,PROCESSED_INGREDIENT
CASE-00904,대만,고춧가루,PROCESSED_INGREDIENT
CASE-00905,대만,고춧가루,PROCESSED_INGREDIENT
CASE-00906,대만,황다랑어알 어란,RAW_MATERIAL
CASE-00907,대만,오이무침 무침,FINISHED_PRODUCT
CASE-00908,대만,파래무침 무침,FINISHED_PRODUCT
CASE-00909,대만,들깨가루,PROCESSED_INGREDIENT
CASE-00910,대만,고춧가루,PROCESSED_INGREDIENT
CASE-00911,대만,고춧가루,PROCESSED_INGREDIENT
CASE-00912,대만,멜론 과일,RAW_MATERIAL
CASE-00913,일본,넙치 생선 물고기 회,RAW_MATERIAL
CASE-00914,일본,넙치 생선 물고기 회,RAW_MATERIAL
CASE-00915,일본,창자,RAW_MATERIAL
CASE-00916,일본,레토르트,FINISHED_PRODUCT
CASE-00917,일본,레토르트 수육,FINISHED_PRODUCT
CASE-00918,일본,레토르트,FINISHED_PRODUCT
CASE-00919,일본,간장게장용 간장양념 양념,PROCESSED_INGREDIENT
CASE-00920,일본,조미품,FINISHED_PRODUCT
CASE-00921,일본,양과자 과자,FINISHED_PRODUCT
CASE-00922,미국,밀크시슬,RAW_MATERIAL
CASE-00923,미국,팽이버섯 버섯,RAW_MATERIAL
CASE-00924,미국,느타리버섯 버섯,RAW_MATERIAL
CASE-00925,미국,팽이버섯 버섯,RAW_MATERIAL
CASE-00926,미국,율무차 차,PROCESSED_INGREDIENT
CASE-00927,미국,꿀차 차,FINISHED_PRODUCT
CASE-00928,미국,문어,RAW_MATERIAL
CASE-00929,미국,고등어 생선 물고기,RAW_MATERIAL
CASE-00930,미국,생선 물고기,RAW_MATERIAL
CASE-00931,미국,강낭콩 콩,RAW_MATERIAL
CASE-00932,미국,율무차 차,PROCESSED_INGREDIENT
CASE-00933,미국,팽이버섯 버섯,RAW_MATERIAL
CASE-00934,미국,곶감 감,PROCESSED_INGREDIENT
CASE-00935,미국,버섯,RAW_MATERIAL
CASE-00936,미국,팽이버섯 버섯,RAW_MATERIAL
CASE-00937,미국,꿀차 차,FINISHED_PRODUCT
CASE-00938,미국,버섯,RAW_MATERIAL
CASE-00939,미국,음료,FINISHED_PRODUCT
CASE-00940,미국,곶감 감,PROCESSED_INGREDIENT
CASE-00941,미국,주스 음료,FINISHED_PRODUCT
CASE-00942,미국,주스 음료,FINISHED_PRODUCT
CASE-00943,미국,주스 음료,FINISHED_PRODUCT
CASE-00944,미국,굴 조개 생굴,RAW_MATERIAL
CASE-00945,미국,율무차,PROCESSED_INGREDIENT
CASE-00946,미국,팽이버섯 버섯,RAW_MATERIAL
CASE-00947,호주,들깨탕,FINISHED_PRODUCT
CASE-00948,호주,새조개 조개 매운양념 양념,FINISHED_PRODUCT
CASE-00949,호주,버섯들깨탕 들깨탕 버섯탕,FINISHED_PRODUCT
CASE-00950,중국,아이스크림,FINISHED_PRODUCT
CASE-00951,중국,비스킷 버터코코넛맛 과자,FINISHED_PRODUCT
CASE-00952,중국,비스킷 버터코코넛맛 과자,FINISHED_PRODUCT
CASE-00953,중국,고로케 과자,FINISHED_PRODUCT
CASE-00954,중국,쌀과자,FINISHED_PRODUCT
CASE-00955,중국,캔디 사탕,FINISHED_PRODUCT
CASE-00956,중국,초콜릿,FINISHED_PRODUCT
CASE-00957,중국,초콜릿,FINISHED_PRODUCT
CASE-00958,중국,초콜릿,FINISHED_PRODUCT
CASE-00959,중국,박하 껌,FINISHED_PRODUCT
CASE-00960,중국,샌드과자 과자,FINISHED_PRODUCT
CASE-00961,중국,김,FINISHED_PRODUCT
CASE-00962,중국,음료,FINISHED_PRODUCT
CASE-00963,중국,음료,FINISHED_PRODUCT
CASE-00964,중국,음료,FINISHED_PRODUCT
CASE-00965,중국,음료,FINISHED_PRODUCT
CASE-00966,중국,음료,FINISHED_PRODUCT
CASE-00967,중국,음료,FINISHED_PRODUCT
CASE-00968,중국,음료 유산균,FINISHED_PRODUCT
CASE-00969,중국,음료 유산균,FINISHED_PRODUCT
CASE-00970,중국,음료 유산균,FINISHED_PRODUCT
CASE-00971,중국,탄산수 탄산음료,FINISHED_PRODUCT
CASE-00972,중국,음료,FINISHED_PRODUCT
CASE-00973,중국,탄산수,FINISHED_PRODUCT
CASE-00974,중국,탄산수,FINISHED_PRODUCT
CASE-00975,중국,탄산수,FINISHED_PRODUCT
CASE-00976,중국,탄산수,FINISHED_PRODUCT
CASE-00977,중국,주스 음료,FINISHED_PRODUCT
CASE-00978,중국,주스 음료,FINISHED_PRODUCT
CASE-00979,중국,주스 음료,FINISHED_PRODUCT
CASE-00980,중국,주스 음료,FINISHED_PRODUCT
CASE-00981,중국,주스 음료,FINISHED_PRODUCT
CASE-00982,중국,음료,FINISHED_PRODUCT
CASE-00983,중국,음료,FINISHED_PRODUCT
CASE-00984,중국,음료,FINISHED_PRODUCT
CASE-00985,중국,음료,FINISHED_PRODUCT
CASE-00986,중국,주스 음료,FINISHED_PRODUCT
CASE-00987,중국,주스 음료,FINISHED_PRODUCT
CASE-00988,중국,주스 음료,FINISHED_PRODUCT
CASE-00989,중국,주스 음료,FINISHED_PRODUCT
CASE-00990,중국,음료 배즙 즙,FINISHED_PRODUCT
CASE-00991,중국,주스 음료,FINISHED_PRODUCT
CASE-00992,중국,주스 음료,FINISHED_PRODUCT
CASE-00993,중국,주스 음료,FINISHED_PRODUCT
CASE-00994,중국,음료,FINISHED_PRODUCT
CASE-00995,중국,음료,FINISHED_PRODUCT
CASE-00996,중국,음료,FINISHED_PRODUCT
CASE-00997,중국,음료,FINISHED_PRODUCT
CASE-00998,중국,음료,FINISHED_PRODUCT
CASE-00999,중국,삼치 생선 물고기,RAW_MATERIAL
CASE-01000,중국,참다랑어 생선 물고기 회,FINISHED_PRODUCT
CASE-01001,중국,음료,FINISHED_PRODUCT
CASE-01002,중국,음료,FINISHED_PRODUCT
CASE-01003,중국,간식 유아용 과자,FINISHED_PRODUCT
CASE-01004,중국,간장,PROCESSED_INGREDIENT
CASE-01005,중국,김,FINISHED_PRODUCT
CASE-01006,대만,멜론 과일,RAW_MATERIAL
CASE-01007,대만,멜론 과일,RAW_MATERIAL
CASE-01008,대만,고춧가루,PROCESSED_INGREDIENT
CASE-01009,대만,포도 과일,RAW_MATERIAL
CASE-01010,대만,키위 과일,RAW_MATERIAL
CASE-01011,대만,막대과자 과자,FINISHED_PRODUCT
CASE-01012,대만,간장,PROCESSED_INGREDIENT
CASE-01013,대만,고춧가루,PROCESSED_INGREDIENT
CASE-01014,대만,배추 채소,RAW_MATERIAL
CASE-01015,일본,게 꽃게,RAW_MATERIAL
CASE-01016,일본,게 꽃게,RAW_MATERIAL
CASE-01017,일본,조미료,PROCESSED_INGREDIENT
CASE-01018,일본,조미료,PROCESSED_INGREDIENT
CASE-01019,일본,고춧가루,PROCESSED_INGREDIENT
CASE-01020,일본,계란,FINISHED_PRODUCT
CASE-01021,미국,탄산수,RAW_MATERIAL
CASE-01022,미국,음료,FINISHED_PRODUCT
CASE-01023,미국,문어,RAW_MATERIAL
CASE-01024,미국,음료,FINISHED_PRODUCT
CASE-01025,미국,음료,FINISHED_PRODUCT
CASE-01026,EU,숙취해소 음료,FINISHED_PRODUCT
CASE-01027,EU,소스,PROCESSED_INGREDIENT
CASE-01028,EU,커리,PROCESSED_INGREDIENT
CASE-01029,EU,유부,PROCESSED_INGREDIENT
CASE-01030,EU,김,FINISHED_PRODUCT
CASE-01031,EU,김,FINISHED_PRODUCT
CASE-01032,EU,컵라면 라면,FINISHED_PRODUCT
CASE-01033,중국,양조간장 간장,PROCESSED_INGREDIENT
CASE-01034,중국,김,FINISHED_PRODUCT
CASE-01035,중국,갈치 생선 물고기,RAW_MATERIAL
CASE-01036,중국,팝콘,FINISHED_PRODUCT
CASE-01037,중국,팝콘,FINISHED_PRODUCT
CASE-01038,중국,과자,FINISHED_PRODUCT
CASE-01039,중국,홍삼 젤리 캔디 사탕,FINISHED_PRODUCT
CASE-01040,중국,음료,FINISHED_PRODUCT
CASE-01041,중국,알로에 콜라겐 음료,FINISHED_PRODUCT
CASE-01042,중국,오곡가루 콩가루 콩,PROCESSED_INGREDIENT
CASE-01043,중국,음료,FINISHED_PRODUCT
CASE-01044,중국,영유 유아용 간식 바,FINISHED_PRODUCT
CASE-01045,중국,붉은대게장 대게장 게장 ,FINISHED_PRODUCT
CASE-01046,중국,일본전갱이 전갱이 생선 물고기,RAW_MATERIAL
CASE-01047,대만,밀감 감,RAW_MATERIAL
CASE-01048,대만,딸기 과일,RAW_MATERIAL
CASE-01049,대만,딸기 과일,RAW_MATERIAL
CASE-01050,대만,포도 과일,RAW_MATERIAL
CASE-01051,대만,포도 과일,RAW_MATERIAL
CASE-01052,대만,딸기 과일,RAW_MATERIAL
CASE-01053,대만,간장,PROCESSED_INGREDIENT
CASE-01054,일본,허니 머스터드소스 머스터드 소스,PROCESSED_INGREDIENT
CASE-01055,일본,고구마 퓨레,PROCESSED_INGREDIENT
CASE-01056,일본,양념문어 문어,FINISHED_PRODUCT
CASE-01057,일본,새우장 새우,FINISHED_PRODUCT
CASE-01058,일본,고명,PROCESSED_INGREDIENT
CASE-01059,일본,양념문어 문어,FINISHED_PRODUCT
CASE-01060,미국,장어 생선 물고기,RAW_MATERIAL
CASE-01061,미국,음료,FINISHED_PRODUCT
CASE-01062,미국,탄산음료 음료,FINISHED_PRODUCT
CASE-01063,미국,문어,RAW_MATERIAL
CASE-01064,미국,초콜릿 아이스 쿠키 비스킷 웨이퍼,FINISHED_PRODUCT
CASE-01065,미국,초콜릿 아이스 쿠키 비스킷 웨이퍼,FINISHED_PRODUCT
CASE-01066,미국,농축액,PROCESSED_INGREDIENT
CASE-01067,미국,유아용 아기 이유식,FINISHED_PRODUCT
CASE-01068,미국,과일주스 농축액,PROCESSED_INGREDIENT
CASE-01069,미국,칵테일 주스 농축액,PROCESSED_INGREDIENT
CASE-01070,미국,팽이버섯 버섯,RAW_MATERIAL
CASE-01071,미국,농축액,PROCESSED_INGREDIENT
CASE-01072,EU,김치,FINISHED_PRODUCT
CASE-01073,EU,고등어 생선 물고기,RAW_MATERIAL
CASE-01074,EU,유자주스 주스,FINISHED_PRODUCT
CASE-01075,EU,무청,FINISHED_PRODUCT
CASE-01076,EU,라면,FINISHED_PRODUCT
CASE-01077,호주,다시마,RAW_MATERIAL
CASE-01078,중국,음료,FINISHED_PRODUCT
CASE-01079,중국,튀김가루 가루,PROCESSED_INGREDIENT
CASE-01080,중국,굴 조개 생굴,RAW_MATERIAL
CASE-01081,중국,소스,PROCESSED_INGREDIENT
CASE-01082,중국,건쌀국수 쌀국수 국수,PROCESSED_INGREDIENT
CASE-01083,중국,김,FINISHED_PRODUCT
CASE-01084,중국,김스낵 스낵 과자,FINISHED_PRODUCT
CASE-01085,중국,쌍화차 음료,FINISHED_PRODUCT
CASE-01086,중국,레인보우 과일맛 풍선껌,FINISHED_PRODUCT
CASE-01087,중국,굴 조개 생굴,RAW_MATERIAL
CASE-01088,중국,김,FINISHED_PRODUCT
CASE-01089,대만,시즈닝 향신료 소스,PROCESSED_INGREDIENT
CASE-01090,대만,절임 무,FINISHED_PRODUCT
CASE-01091,일본,팥 퓨레,PROCESSED_INGREDIENT
CASE-01092,일본,창자,RAW_MATERIAL
CASE-01093,일본,떡볶이소스 소스,PROCESSED_INGREDIENT
CASE-01094,일본,들깨 깨,PROCESSED_INGREDIENT
CASE-01095,미국,음료,FINISHED_PRODUCT
CASE-01096,미국,명태 생선 물고기,RAW_MATERIAL
CASE-01097,미국,호박,RAW_MATERIAL
CASE-01098,미국,고구마,PROCESSED_INGREDIENT
CASE-01099,미국,검은콩 콩,PROCESSED_INGREDIENT
CASE-01100,미국,주스,FINISHED_PRODUCT
CASE-01101,미국,유아용 이유식,FINISHED_PRODUCT
CASE-01102,미국,팽이버섯 버섯,RAW_MATERIAL
CASE-01103,미국,액상 농축액,PROCESSED_INGREDIENT
CASE-01104,미국,원액 농축액,PROCESSED_INGREDIENT
CASE-01105,미국,원액 농축액,PROCESSED_INGREDIENT
CASE-01106,미국,초콜릿 아이스 쿠키 비스킷 및 웨이퍼 과자,FINISHED_PRODUCT
CASE-01107,미국,해조,PROCESSED_INGREDIENT
CASE-01108,미국,올리브유,PROCESSED_INGREDIENT
CASE-01109,미국,팽이버섯 버섯,RAW_MATERIAL
CASE-01110,EU,라면,FINISHED_PRODUCT
CASE-01111,중국,바닐라맛 미니 웨하스,FINISHED_PRODUCT
CASE-01112,중국,라면,FINISHED_PRODUCT
CASE-01113,중국,인스턴트 면,FINISHED_PRODUCT
CASE-01114,중국,프로바이오틱스 음료,FINISHED_PRODUCT
CASE-01115,중국,팝콘,FINISHED_PRODUCT
CASE-01116,중국,넙치 생선 물고기,RAW_MATERIAL
CASE-01117,중국,김,FINISHED_PRODUCT
CASE-01118,중국,김,FINISHED_PRODUCT
CASE-01119,중국,프로바이오틱스 음료,FINISHED_PRODUCT
CASE-01120,중국,소스 조미료,PROCESSED_INGREDIENT
CASE-01121,대만,양상추,RAW_MATERIAL
CASE-01122,대만,브로콜리,RAW_MATERIAL
CASE-01123,일본,치즈볼,FINISHED_PRODUCT
CASE-01124,일본,김밥,FINISHED_PRODUCT
CASE-01125,일본,붕장어 생선 물고기,FINISHED_PRODUCT
CASE-01126,일본,잡채김밥 잡채 김밥,FINISHED_PRODUCT
CASE-01127,일본,굴 조개 생굴,RAW_MATERIAL
CASE-01128,일본,바람떡 떡,FINISHED_PRODUCT
CASE-01129,일본,굴 조개 생굴,FINISHED_PRODUCT
CASE-01130,일본,쌀떡 떡볶이 어묵 떡,FINISHED_PRODUCT
CASE-01131,일본,떡볶이소스 소스,PROCESSED_INGREDIENT
CASE-01132,일본,떡볶이소스 소스,PROCESSED_INGREDIENT
CASE-01133,일본,떡볶이소스 소스,PROCESSED_INGREDIENT
CASE-01134,일본,쌀밥 전복죽 밥,FINISHED_PRODUCT
CASE-01135,일본,붕장어 양념구이 구이,FINISHED_PRODUCT
CASE-01136,미국,소스,PROCESSED_INGREDIENT
CASE-01137,미국,음료,FINISHED_PRODUCT
CASE-01138,미국,감,PROCESSED_INGREDIENT
CASE-01139,미국,주스 음료,FINISHED_PRODUCT
CASE-01140,미국,팽이버섯 양송이버섯 버섯,RAW_MATERIAL
CASE-01141,미국,우유,FINISHED_PRODUCT
CASE-01142,미국,감,PROCESSED_INGREDIENT
CASE-01143,미국,해조,PROCESSED_INGREDIENT
CASE-01144,미국,팽이버섯 양송이버섯 버섯,RAW_MATERIAL
CASE-01145,미국,팽이버섯 버섯,RAW_MATERIAL
CASE-01146,미국,팽이버섯 버섯,RAW_MATERIAL
CASE-01147,미국,팽이버섯 양송이버섯 버섯,RAW_MATERIAL
CASE-01148,미국,팽이버섯 버섯,RAW_MATERIAL
CASE-01149,미국,찹쌀 쌀,FINISHED_PRODUCT
CASE-01150,미국,팽이버섯 버섯,RAW_MATERIAL
CASE-01151,미국,팽이버섯 양송이버섯 버섯,RAW_MATERIAL
CASE-01152,미국,육수 채수,PROCESSED_INGREDIENT
CASE-01153,미국,음료,FINISHED_PRODUCT
CASE-01154,EU,에너지음료 음료,FINISHED_PRODUCT
CASE-01155,EU,면,PROCESSED_INGREDIENT
CASE-01156,호주,다시마,RAW_MATERIAL
CASE-01157,호주,다시마,RAW_MATERIAL
